Date,Cost,Day
1/1/2012,0,Domingo
1/2/2012,1428665.98,Lunes
1/3/2012,1959110.61,Martes
1/4/2012,1835208.91,Miercoles
1/5/2012,1826139.51,Jueves
1/6/2012,1840990.47,Viernes
1/7/2012,1083808.88,Sabado
1/8/2012,0,Domingo
1/9/2012,2052910.07,Lunes
1/10/2012,1807594.61,Martes
1/11/2012,1552148.35,Miercoles
1/12/2012,1503813.3,Jueves
1/13/2012,1475408.72,Viernes
1/14/2012,1083851.84,Sabado
1/15/2012,0,Domingo
1/16/2012,1920174.03,Lunes
1/17/2012,1724881.93,Martes
1/18/2012,1507684.47,Miercoles
1/19/2012,1483362.77,Jueves
1/20/2012,1567566.65,Viernes
1/21/2012,1119729.73,Sabado
1/22/2012,0,Domingo
1/23/2012,1955256.24,Lunes
1/24/2012,1920812.9,Martes
1/25/2012,2666616.99,Miercoles
1/26/2012,1768827.62,Jueves
1/27/2012,1811325.53,Viernes
1/28/2012,1183735.82,Sabado
1/29/2012,0,Domingo
1/30/2012,2302380.75,Lunes
1/31/2012,1867149.98,Martes
2/1/2012,1687726.52,Miercoles
2/2/2012,1670078.87,Jueves
2/3/2012,1765882.84,Viernes
2/4/2012,1169055.45,Sabado
2/5/2012,0,Domingo
2/6/2012,2150675.62,Lunes
2/7/2012,1699493,Martes
2/8/2012,1706917.8,Miercoles
2/9/2012,1577375.13,Jueves
2/10/2012,1658767.49,Viernes
2/11/2012,1176009.42,Sabado
2/12/2012,800365.27,Domingo
2/13/2012,2082260.11,Lunes
2/14/2012,1749215.88,Martes
2/15/2012,1609626.23,Miercoles
2/16/2012,1589332.08,Jueves
2/17/2012,1473652.03,Viernes
2/18/2012,1024013.76,Sabado
2/19/2012,0,Domingo
2/20/2012,1844702.57,Lunes
2/21/2012,1728515.2,Martes
2/22/2012,1637480.78,Miercoles
2/23/2012,1659041.89,Jueves
2/24/2012,2332279.49,Viernes
2/25/2012,1100159.47,Sabado
2/26/2012,0,Domingo
2/27/2012,2475905,Lunes
2/28/2012,2020675.03,Martes
2/29/2012,1813695.67,Miercoles
3/1/2012,1658382.23,Jueves
3/2/2012,1703947.25,Viernes
3/3/2012,1145985.78,Sabado
3/4/2012,800487,Domingo
3/5/2012,2235611.84,Lunes
3/6/2012,1932570.31,Martes
3/7/2012,1817197.3,Miercoles
3/8/2012,1540432.28,Jueves
3/9/2012,1618267.23,Viernes
3/10/2012,1136385.48,Sabado
3/11/2012,0,Domingo
3/12/2012,2141782.2,Lunes
3/13/2012,1953999.14,Martes
3/14/2012,1679778.71,Miercoles
3/15/2012,1574888.56,Jueves
3/16/2012,1517184.75,Viernes
3/17/2012,999842.52,Sabado
3/18/2012,0,Domingo
3/19/2012,1814969.41,Lunes
3/20/2012,1576851.14,Martes
3/21/2012,1521776.14,Miercoles
3/22/2012,1582109.07,Jueves
3/23/2012,1729235.32,Viernes
3/24/2012,1079611.57,Sabado
3/25/2012,0,Domingo
3/26/2012,2720251.77,Lunes
3/27/2012,1945014,Martes
3/28/2012,1787675.15,Miercoles
3/29/2012,1700375.87,Jueves
3/30/2012,1903294.38,Viernes
3/31/2012,1207940.23,Sabado
4/1/2012,0,Domingo
4/2/2012,2038367.32,Lunes
4/3/2012,1961208.17,Martes
4/4/2012,1438144.7,Miercoles
4/5/2012,0,Jueves
4/6/2012,0,Viernes
4/7/2012,905069.24,Sabado
4/8/2012,0,Domingo
4/9/2012,2148895.46,Lunes
4/10/2012,2166630,Martes
4/11/2012,1755992.94,Miercoles
4/12/2012,1723035.19,Jueves
4/13/2012,1690374.83,Viernes
4/14/2012,1160195.34,Sabado
4/15/2012,0,Domingo
4/16/2012,2030758.73,Lunes
4/17/2012,1740417.72,Martes
4/18/2012,1595851.51,Miercoles
4/19/2012,1503783.84,Jueves
4/20/2012,1518984.87,Viernes
4/21/2012,1088067.57,Sabado
4/22/2012,0,Domingo
4/23/2012,2129244.76,Lunes
4/24/2012,2589748.48,Martes
4/25/2012,1634252.43,Miercoles
4/26/2012,1754350.55,Jueves
4/27/2012,1891044.56,Viernes
4/28/2012,1176484.44,Sabado
4/29/2012,800620,Domingo
4/30/2012,2630785.57,Lunes
5/1/2012,846535,Martes
5/2/2012,1987000.11,Miercoles
5/3/2012,1988338.15,Jueves
5/4/2012,1921698.9,Viernes
5/5/2012,1297599.34,Sabado
5/6/2012,0,Domingo
5/7/2012,2298830.01,Lunes
5/8/2012,1955578.16,Martes
5/9/2012,1751806.14,Miercoles
5/10/2012,1455365.7,Jueves
5/11/2012,1568445.73,Viernes
5/12/2012,1166601.18,Sabado
5/13/2012,0,Domingo
5/14/2012,2014031.35,Lunes
5/15/2012,1670032.19,Martes
5/16/2012,1588211.4,Miercoles
5/17/2012,1442215.22,Jueves
5/18/2012,1470873.04,Viernes
5/19/2012,1092724.31,Sabado
5/20/2012,800252,Domingo
5/21/2012,1983731.7,Lunes
5/22/2012,1646598.37,Martes
5/23/2012,1604887.86,Miercoles
5/24/2012,2131170.06,Jueves
5/25/2012,1770080.04,Viernes
5/26/2012,1186305.99,Sabado
5/27/2012,800877,Domingo
5/28/2012,2095385.14,Lunes
5/29/2012,1793651.2,Martes
5/30/2012,1723682.79,Miercoles
5/31/2012,1828258.18,Jueves
6/1/2012,1596172.43,Viernes
6/2/2012,1113112.44,Sabado
6/3/2012,0,Domingo
6/4/2012,2339713.98,Lunes
6/5/2012,2016472.87,Martes
6/6/2012,1926493.81,Miercoles
6/7/2012,1621122.63,Jueves
6/8/2012,1564320.73,Viernes
6/9/2012,1112757.51,Sabado
6/10/2012,0,Domingo
6/11/2012,2160173.82,Lunes
6/12/2012,1946125.62,Martes
6/13/2012,1630228.33,Miercoles
6/14/2012,1531502.25,Jueves
6/15/2012,1515345.43,Viernes
6/16/2012,1060300.72,Sabado
6/17/2012,800722,Domingo
6/18/2012,1772962.07,Lunes
6/19/2012,1607308.85,Martes
6/20/2012,1641551.01,Miercoles
6/21/2012,1562321.86,Jueves
6/22/2012,1740074.97,Viernes
6/23/2012,1131808.09,Sabado
6/24/2012,800928,Domingo
6/25/2012,2437401.56,Lunes
6/26/2012,2604634.87,Martes
6/27/2012,1689306.36,Miercoles
6/28/2012,1722770.53,Jueves
6/29/2012,1755392.58,Viernes
6/30/2012,1107617.55,Sabado
7/1/2012,914133.56,Domingo
7/2/2012,1756997.77,Lunes
7/3/2012,2104179.83,Martes
7/4/2012,1853478.46,Miercoles
7/5/2012,1826735.42,Jueves
7/6/2012,1743181.22,Viernes
7/7/2012,1145958.62,Sabado
7/8/2012,0,Domingo
7/9/2012,2069772.77,Lunes
7/10/2012,1647631.78,Martes
7/11/2012,1709353.89,Miercoles
7/12/2012,1738407.43,Jueves
7/13/2012,1722864.06,Viernes
7/14/2012,1280608.13,Sabado
7/15/2012,807529.98,Domingo
7/16/2012,2039031.05,Lunes
7/17/2012,1742207.36,Martes
7/18/2012,1649692.15,Miercoles
7/19/2012,1565300.55,Jueves
7/20/2012,1767347.32,Viernes
7/21/2012,1107392.87,Sabado
7/22/2012,800469,Domingo
7/23/2012,2140679.51,Lunes
7/24/2012,2007126.92,Martes
7/25/2012,1713841.51,Miercoles
7/26/2012,1732720.5,Jueves
7/27/2012,1810001.81,Viernes
7/28/2012,1221707.21,Sabado
7/29/2012,800625.16,Domingo
7/30/2012,3028003.73,Lunes
7/31/2012,2076010.56,Martes
8/1/2012,1671667.92,Miercoles
8/2/2012,1708701.02,Jueves
8/3/2012,1823906.07,Viernes
8/4/2012,1173649.1,Sabado
8/5/2012,800854.91,Domingo
8/6/2012,2263964.29,Lunes
8/7/2012,1846214.73,Martes
8/8/2012,1673876.14,Miercoles
8/9/2012,1595540.44,Jueves
8/10/2012,1650303.13,Viernes
8/11/2012,1137940.33,Sabado
8/12/2012,801569.04,Domingo
8/13/2012,2243416.76,Lunes
8/14/2012,1878405.73,Martes
8/15/2012,1587595.39,Miercoles
8/16/2012,1625174.76,Jueves
8/17/2012,1596940.93,Viernes
8/18/2012,1094379.11,Sabado
8/19/2012,801573.71,Domingo
8/20/2012,1935689.94,Lunes
8/21/2012,1747511.34,Martes
8/22/2012,1675750.61,Miercoles
8/23/2012,1636997.71,Jueves
8/24/2012,1691708.65,Viernes
8/25/2012,1134888.86,Sabado
8/26/2012,802766.6,Domingo
8/27/2012,2282976.73,Lunes
8/28/2012,1730549.51,Martes
8/29/2012,2384790.64,Miercoles
8/30/2012,1935293.12,Jueves
8/31/2012,1876057.01,Viernes
9/1/2012,1199466.2,Sabado
9/2/2012,800852,Domingo
9/3/2012,2328765.89,Lunes
9/4/2012,2068879.04,Martes
9/5/2012,1937346.89,Miercoles
9/6/2012,1871963.56,Jueves
9/7/2012,1724863.72,Viernes
9/8/2012,853686.22,Sabado
9/9/2012,0,Domingo
9/10/2012,2359025.42,Lunes
9/11/2012,2159395.71,Martes
9/12/2012,1716735.59,Miercoles
9/13/2012,1613507.87,Jueves
9/14/2012,1432697.79,Viernes
9/15/2012,800072,Sabado
9/16/2012,801917.75,Domingo
9/17/2012,1942768.01,Lunes
9/18/2012,1872402.56,Martes
9/19/2012,1723632.85,Miercoles
9/20/2012,1683421.22,Jueves
9/21/2012,1863446,Viernes
9/22/2012,1144188.62,Sabado
9/23/2012,801282,Domingo
9/24/2012,2127434.96,Lunes
9/25/2012,1893469.47,Martes
9/26/2012,1716139.17,Miercoles
9/27/2012,1893480.55,Jueves
9/28/2012,2733007.37,Viernes
9/29/2012,1145714.71,Sabado
9/30/2012,1031488.76,Domingo
10/1/2012,2055917.16,Lunes
10/2/2012,1984012.92,Martes
10/3/2012,1893732.64,Miercoles
10/4/2012,1723845.73,Jueves
10/5/2012,1693339.95,Viernes
10/6/2012,1189727.69,Sabado
10/7/2012,800115,Domingo
10/8/2012,2054543.25,Lunes
10/9/2012,1778160.64,Martes
10/10/2012,1724695.7,Miercoles
10/11/2012,1810243.44,Jueves
10/12/2012,1690605.36,Viernes
10/13/2012,1168908.47,Sabado
10/14/2012,0,Domingo
10/15/2012,2285390.5,Lunes
10/16/2012,2141370.84,Martes
10/17/2012,1781893.87,Miercoles
10/18/2012,1731811.96,Jueves
10/19/2012,1760466,Viernes
10/20/2012,801508.27,Sabado
10/21/2012,802083,Domingo
10/22/2012,2116464.27,Lunes
10/23/2012,1874214.21,Martes
10/24/2012,1604240.84,Miercoles
10/25/2012,1614845.19,Jueves
10/26/2012,1832093.43,Viernes
10/27/2012,1502242.77,Sabado
10/28/2012,802907,Domingo
10/29/2012,2352552.12,Lunes
10/30/2012,2706203.29,Martes
10/31/2012,1866355.18,Miercoles
11/1/2012,892463.4,Jueves
11/2/2012,1687683.22,Viernes
11/3/2012,853413.68,Sabado
11/4/2012,0,Domingo
11/5/2012,2806315.39,Lunes
11/6/2012,2299754.64,Martes
11/7/2012,1687086.48,Miercoles
11/8/2012,1686570.68,Jueves
11/9/2012,1743025.88,Viernes
11/10/2012,1254549.42,Sabado
11/11/2012,0,Domingo
11/12/2012,2506240.09,Lunes
11/13/2012,2162037.18,Martes
11/14/2012,1764643.11,Miercoles
11/15/2012,1674005.8,Jueves
11/16/2012,1692297.68,Viernes
11/17/2012,1076628.04,Sabado
11/18/2012,804080.89,Domingo
11/19/2012,1942341,Lunes
11/20/2012,1892130.15,Martes
11/21/2012,1686551.61,Miercoles
11/22/2012,1764087.21,Jueves
11/23/2012,1874381.35,Viernes
11/24/2012,1133834.39,Sabado
11/25/2012,0,Domingo
11/26/2012,2321580.75,Lunes
11/27/2012,1879830.11,Martes
11/28/2012,1916444.77,Miercoles
11/29/2012,2580228.04,Jueves
11/30/2012,2238499.28,Viernes
12/1/2012,1137997.9,Sabado
12/2/2012,800118,Domingo
12/3/2012,2089866.5,Lunes
12/4/2012,1977649.73,Martes
12/5/2012,1761240.52,Miercoles
12/6/2012,2179257.6,Jueves
12/7/2012,1849541.66,Viernes
12/8/2012,1133197.63,Sabado
12/9/2012,0,Domingo
12/10/2012,2147068.92,Lunes
12/11/2012,1721326.19,Martes
12/12/2012,1766533.14,Miercoles
12/13/2012,1903563.4,Jueves
12/14/2012,1620461.05,Viernes
12/15/2012,1128094.17,Sabado
12/16/2012,802861.01,Domingo
12/17/2012,1968215.13,Lunes
12/18/2012,1857480.51,Martes
12/19/2012,1693885.34,Miercoles
12/20/2012,1801713.63,Jueves
12/21/2012,1857231.52,Viernes
12/22/2012,1252571.45,Sabado
12/23/2012,0,Domingo
12/24/2012,1447343.21,Lunes
12/25/2012,0,Martes
12/26/2012,2082511.34,Miercoles
12/27/2012,2537689.96,Jueves
12/28/2012,3071564.13,Viernes
12/29/2012,1379023.33,Sabado
12/30/2012,0,Domingo
12/31/2012,1633333.35,Lunes
1/1/2013,802224.53,Martes
1/2/2013,1930687.6,Miercoles
1/3/2013,2109227.36,Jueves
1/4/2013,1858141.47,Viernes
1/5/2013,1354205.91,Sabado
1/6/2013,802940.35,Domingo
1/7/2013,2235247.2,Lunes
1/8/2013,1911395.29,Martes
1/9/2013,1983648.57,Miercoles
1/10/2013,1793332.08,Jueves
1/11/2013,1687947.44,Viernes
1/12/2013,1139879.07,Sabado
1/13/2013,993687.73,Domingo
1/14/2013,1904903.1,Lunes
1/15/2013,1871517.81,Martes
1/16/2013,1715275.95,Miercoles
1/17/2013,1630902.09,Jueves
1/18/2013,1591626.99,Viernes
1/19/2013,840010.84,Sabado
1/20/2013,801109.38,Domingo
1/21/2013,2237249.86,Lunes
1/22/2013,2034092.82,Martes
1/23/2013,1774935.01,Miercoles
1/24/2013,1550902.47,Jueves
1/25/2013,1858920.5,Viernes
1/26/2013,912504.34,Sabado
1/27/2013,803340.81,Domingo
1/28/2013,2452470.44,Lunes
1/29/2013,1970124.64,Martes
1/30/2013,2084492.04,Miercoles
1/31/2013,2522046.42,Jueves
2/1/2013,1889556.91,Viernes
2/2/2013,1220974.66,Sabado
2/3/2013,801671.16,Domingo
2/4/2013,2400558.68,Lunes
2/5/2013,2216675.91,Martes
2/6/2013,1898126.54,Miercoles
2/7/2013,1616548,Jueves
2/8/2013,1687674.29,Viernes
2/9/2013,1059709.5,Sabado
2/10/2013,800641.77,Domingo
2/11/2013,2053479.25,Lunes
2/12/2013,1926817.97,Martes
2/13/2013,1746205.02,Miercoles
2/14/2013,1780033.03,Jueves
2/15/2013,1762686.39,Viernes
2/16/2013,1171414.32,Sabado
2/17/2013,801732.11,Domingo
2/18/2013,2074662.89,Lunes
2/19/2013,1771193.83,Martes
2/20/2013,1710106.65,Miercoles
2/21/2013,1690369.9,Jueves
2/22/2013,1838258.92,Viernes
2/23/2013,1242074.49,Sabado
2/24/2013,802999.13,Domingo
2/25/2013,2368866.24,Lunes
2/26/2013,2093876.79,Martes
2/27/2013,2742094.55,Miercoles
2/28/2013,2502368.21,Jueves
3/1/2013,1907968.34,Viernes
3/2/2013,1247239.5,Sabado
3/3/2013,800699,Domingo
3/4/2013,2563038.82,Lunes
3/5/2013,1948300.4,Martes
3/6/2013,1930924.49,Miercoles
3/7/2013,1758782.89,Jueves
3/8/2013,1597431.37,Viernes
3/9/2013,1053817.58,Sabado
3/10/2013,887104.67,Domingo
3/11/2013,2127601.65,Lunes
3/12/2013,1853135.78,Martes
3/13/2013,1658978.83,Miercoles
3/14/2013,1575686.06,Jueves
3/15/2013,1566231.57,Viernes
3/16/2013,1113850.98,Sabado
3/17/2013,801502.88,Domingo
3/18/2013,2054759.63,Lunes
3/19/2013,1767144.51,Martes
3/20/2013,1629276.69,Miercoles
3/21/2013,1697017.1,Jueves
3/22/2013,2160382.27,Viernes
3/23/2013,1390328.21,Sabado
3/24/2013,800532.41,Domingo
3/25/2013,3051981.7,Lunes
3/26/2013,2143055.35,Martes
3/27/2013,1568376.57,Miercoles
3/28/2013,857403,Jueves
3/29/2013,824008,Viernes
3/30/2013,843546,Sabado
3/31/2013,949645.53,Domingo
4/1/2013,2391447.19,Lunes
4/2/2013,2327348.31,Martes
4/3/2013,2047178.76,Miercoles
4/4/2013,1870466.49,Jueves
4/5/2013,1734340.7,Viernes
4/6/2013,1254828.24,Sabado
4/7/2013,800925.77,Domingo
4/8/2013,2163080,Lunes
4/9/2013,1850685.22,Martes
4/10/2013,1718839.42,Miercoles
4/11/2013,1688340.61,Jueves
4/12/2013,1612382.34,Viernes
4/13/2013,1186678.34,Sabado
4/14/2013,801439.64,Domingo
4/15/2013,1834521.09,Lunes
4/16/2013,1679280.05,Martes
4/17/2013,1568155.14,Miercoles
4/18/2013,1547622.05,Jueves
4/19/2013,1590450.27,Viernes
4/20/2013,1096018.6,Sabado
4/21/2013,890448.3,Domingo
4/22/2013,1888689.88,Lunes
4/23/2013,1838873.25,Martes
4/24/2013,1859504.1,Miercoles
4/25/2013,1663541.13,Jueves
4/26/2013,1831975.91,Viernes
4/27/2013,1201772.44,Sabado
4/28/2013,956973.2,Domingo
4/29/2013,2457348.18,Lunes
4/30/2013,2736741.05,Martes
5/1/2013,886366.72,Miercoles
5/2/2013,2081850.38,Jueves
5/3/2013,1992604.66,Viernes
5/4/2013,1328459.49,Sabado
5/5/2013,802529.16,Domingo
5/6/2013,2335007.11,Lunes
5/7/2013,1818605.61,Martes
5/8/2013,1740536.08,Miercoles
5/9/2013,1669345.2,Jueves
5/10/2013,1500270.53,Viernes
5/11/2013,1233581.15,Sabado
5/12/2013,801449.25,Domingo
5/13/2013,2403238.57,Lunes
5/14/2013,2136403.49,Martes
5/15/2013,1761144.34,Miercoles
5/16/2013,1711735.56,Jueves
5/17/2013,1590955.63,Viernes
5/18/2013,1155645.25,Sabado
5/19/2013,803156.15,Domingo
5/20/2013,2077082.99,Lunes
5/21/2013,1650509.69,Martes
5/22/2013,1695784.12,Miercoles
5/23/2013,1809396.45,Jueves
5/24/2013,1769930.91,Viernes
5/25/2013,1223072.05,Sabado
5/26/2013,801262.65,Domingo
5/27/2013,2102985.41,Lunes
5/28/2013,2684499.58,Martes
5/29/2013,2031986.07,Miercoles
5/30/2013,1760826.97,Jueves
5/31/2013,2155781.02,Viernes
6/1/2013,1208612.65,Sabado
6/2/2013,801461.72,Domingo
6/3/2013,2364530.78,Lunes
6/4/2013,2165389.94,Martes
6/5/2013,1920849.31,Miercoles
6/6/2013,1708640.93,Jueves
6/7/2013,1723724.1,Viernes
6/8/2013,1091449.93,Sabado
6/9/2013,803016.94,Domingo
6/10/2013,2054457.46,Lunes
6/11/2013,1746573.22,Martes
6/12/2013,1589180.95,Miercoles
6/13/2013,1566760.14,Jueves
6/14/2013,1663272.59,Viernes
6/15/2013,1146895.6,Sabado
6/16/2013,802919.15,Domingo
6/17/2013,1876454.23,Lunes
6/18/2013,1708873.51,Martes
6/19/2013,1713089.99,Miercoles
6/20/2013,1716590.73,Jueves
6/21/2013,1730596.02,Viernes
6/22/2013,1233103.97,Sabado
6/23/2013,800598,Domingo
6/24/2013,2220264.57,Lunes
6/25/2013,1955941.35,Martes
6/26/2013,2378190.96,Miercoles
6/27/2013,1903766.02,Jueves
6/28/2013,2511751.56,Viernes
6/29/2013,1223317.54,Sabado
6/30/2013,1013280.08,Domingo
7/1/2013,1557221.42,Lunes
7/2/2013,2362401.22,Martes
7/3/2013,2121888.86,Miercoles
7/4/2013,1855214.58,Jueves
7/5/2013,1963811.35,Viernes
7/6/2013,1310435.75,Sabado
7/7/2013,0,Domingo
7/8/2013,2227818.52,Lunes
7/9/2013,1836698.51,Martes
7/10/2013,1719121.63,Miercoles
7/11/2013,1717497.96,Jueves
7/12/2013,1796640.46,Viernes
7/13/2013,1189451.67,Sabado
7/14/2013,0,Domingo
7/15/2013,2135050.42,Lunes
7/16/2013,1787406.87,Martes
7/17/2013,1640832.05,Miercoles
7/18/2013,1615487.57,Jueves
7/19/2013,1563405.64,Viernes
7/20/2013,1220143.54,Sabado
7/21/2013,800459,Domingo
7/22/2013,2164768.09,Lunes
7/23/2013,2008729.36,Martes
7/24/2013,2028192.65,Miercoles
7/25/2013,1744205.27,Jueves
7/26/2013,2002925.8,Viernes
7/27/2013,1197369.05,Sabado
7/28/2013,0,Domingo
7/29/2013,3066429.67,Lunes
7/30/2013,1888725.19,Martes
7/31/2013,1934518.87,Miercoles
8/1/2013,1809630.35,Jueves
8/2/2013,1848983.87,Viernes
8/3/2013,1157837.16,Sabado
8/4/2013,800198,Domingo
8/5/2013,2334402.92,Lunes
8/6/2013,1891583.47,Martes
8/7/2013,1729820.75,Miercoles
8/8/2013,1632031.5,Jueves
8/9/2013,1614830.9,Viernes
8/10/2013,1158663.3,Sabado
8/11/2013,800153,Domingo
8/12/2013,2127923.35,Lunes
8/13/2013,1828128.92,Martes
8/14/2013,1660141.32,Miercoles
8/15/2013,1491712.35,Jueves
8/16/2013,1615420.15,Viernes
8/17/2013,1118108.32,Sabado
8/18/2013,0,Domingo
8/19/2013,1854964.12,Lunes
8/20/2013,1723399.57,Martes
8/21/2013,1760443,Miercoles
8/22/2013,1750012.39,Jueves
8/23/2013,1735840.12,Viernes
8/24/2013,1136383.78,Sabado
8/25/2013,800795,Domingo
8/26/2013,2185728.32,Lunes
8/27/2013,2005128.84,Martes
8/28/2013,1679337.05,Miercoles
8/29/2013,2010801.28,Jueves
8/30/2013,2674993.98,Viernes
8/31/2013,1315660.76,Sabado
9/1/2013,801298.26,Domingo
9/2/2013,2340904.35,Lunes
9/3/2013,2001575.61,Martes
9/4/2013,1845867.93,Miercoles
9/5/2013,1695533.28,Jueves
9/6/2013,1753094.78,Viernes
9/7/2013,1124640.19,Sabado
9/8/2013,800288,Domingo
9/9/2013,2303252.02,Lunes
9/10/2013,1906929.14,Martes
9/11/2013,1746173.14,Miercoles
9/12/2013,1671030.78,Jueves
9/13/2013,1716075.46,Viernes
9/14/2013,1130646.77,Sabado
9/15/2013,803108.9,Domingo
9/16/2013,1278098.41,Lunes
9/17/2013,2041831.53,Martes
9/18/2013,1609763.95,Miercoles
9/19/2013,1713152.99,Jueves
9/20/2013,1685361.35,Viernes
9/21/2013,1164174.59,Sabado
9/22/2013,800327,Domingo
9/23/2013,2306046.87,Lunes
9/24/2013,1901680.57,Martes
9/25/2013,1606028.62,Miercoles
9/26/2013,2541268.95,Jueves
9/27/2013,1891740.22,Viernes
9/28/2013,1325284.82,Sabado
9/29/2013,803320.62,Domingo
9/30/2013,2882507.64,Lunes
10/1/2013,2050874.47,Martes
10/2/2013,1928410.61,Miercoles
10/3/2013,1944561.14,Jueves
10/4/2013,1800459.33,Viernes
10/5/2013,1297958.93,Sabado
10/6/2013,811034.77,Domingo
10/7/2013,2181161.57,Lunes
10/8/2013,2188763.91,Martes
10/9/2013,1925925.69,Miercoles
10/10/2013,1954039.55,Jueves
10/11/2013,1921397.12,Viernes
10/12/2013,1248065.23,Sabado
10/13/2013,806576.75,Domingo
10/14/2013,2072083.52,Lunes
10/15/2013,1623951.15,Martes
10/16/2013,1550946.76,Miercoles
10/17/2013,1493324.15,Jueves
10/18/2013,1508620.43,Viernes
10/19/2013,1110421.53,Sabado
10/20/2013,0,Domingo
10/21/2013,1739873.28,Lunes
10/22/2013,1958024.84,Martes
10/23/2013,1920865.97,Miercoles
10/24/2013,1695559,Jueves
10/25/2013,1895208.94,Viernes
10/26/2013,1231906.84,Sabado
10/27/2013,800347,Domingo
10/28/2013,2261202.02,Lunes
10/29/2013,1960044.59,Martes
10/30/2013,2789307.5,Miercoles
10/31/2013,2158241.16,Jueves
11/1/2013,852517,Viernes
11/2/2013,839272.71,Sabado
11/3/2013,1287172.01,Domingo
11/4/2013,2354518.59,Lunes
11/5/2013,2150955.65,Martes
11/6/2013,1833470.8,Miercoles
11/7/2013,1692736.36,Jueves
11/8/2013,1704369.25,Viernes
11/9/2013,1115515.5,Sabado
11/10/2013,0,Domingo
11/11/2013,2360101.65,Lunes
11/12/2013,1937518.11,Martes
11/13/2013,1618403.91,Miercoles
11/14/2013,1686970.33,Jueves
11/15/2013,1582821.32,Viernes
11/16/2013,1153625.07,Sabado
11/17/2013,800272,Domingo
11/18/2013,1943082.22,Lunes
11/19/2013,1706000.67,Martes
11/20/2013,1666924.66,Miercoles
11/21/2013,1645594.64,Jueves
11/22/2013,1875210.73,Viernes
11/23/2013,1274024.45,Sabado
11/24/2013,0,Domingo
11/25/2013,2383528.75,Lunes
11/26/2013,2257786.29,Martes
11/27/2013,2078341.86,Miercoles
11/28/2013,2428728.41,Jueves
11/29/2013,2566051.1,Viernes
11/30/2013,1368791.6,Sabado
12/1/2013,1064976.98,Domingo
12/2/2013,2225132.17,Lunes
12/3/2013,2133651.85,Martes
12/4/2013,1983380.91,Miercoles
12/5/2013,1791873.16,Jueves
12/6/2013,1763537.89,Viernes
12/7/2013,1093445.54,Sabado
12/8/2013,1006290.69,Domingo
12/9/2013,1942085.09,Lunes
12/10/2013,1958849.7,Martes
12/11/2013,1875614.81,Miercoles
12/12/2013,1608198.68,Jueves
12/13/2013,1764665.39,Viernes
12/14/2013,1276569.17,Sabado
12/15/2013,854832.54,Domingo
12/16/2013,1917250.16,Lunes
12/17/2013,1757542.2,Martes
12/18/2013,1634074.83,Miercoles
12/19/2013,1770227.02,Jueves
12/20/2013,1703896.59,Viernes
12/21/2013,1263817.82,Sabado
12/22/2013,944585.82,Domingo
12/23/2013,2249573.55,Lunes
12/24/2013,1432610.03,Martes
12/25/2013,0,Miercoles
12/26/2013,2385352.76,Jueves
12/27/2013,2872892.23,Viernes
12/28/2013,1321696.54,Sabado
12/29/2013,999560.72,Domingo
12/30/2013,2777601.24,Lunes
12/31/2013,1277142.35,Martes
1/1/2014,934881.02,Miercoles
1/2/2014,1848926.78,Jueves
1/3/2014,2060621.25,Viernes
1/4/2014,1333048.29,Sabado
1/5/2014,0,Domingo
1/6/2014,2508581.21,Lunes
1/7/2014,1991204.08,Martes
1/8/2014,1921945.13,Miercoles
1/9/2014,1764525.86,Jueves
1/10/2014,1849772.15,Viernes
1/11/2014,1344140.81,Sabado
1/12/2014,801754.62,Domingo
1/13/2014,2421917.7,Lunes
1/14/2014,2025174.29,Martes
1/15/2014,1830650.5,Miercoles
1/16/2014,1684023.72,Jueves
1/17/2014,1724683.39,Viernes
1/18/2014,1190083.45,Sabado
1/19/2014,804872.41,Domingo
1/20/2014,2242419.34,Lunes
1/21/2014,1879580.35,Martes
1/22/2014,1868651.45,Miercoles
1/23/2014,1911297.64,Jueves
1/24/2014,1921829.68,Viernes
1/25/2014,1317003.67,Sabado
1/26/2014,811319.95,Domingo
1/27/2014,2823018.28,Lunes
1/28/2014,2445763.29,Martes
1/29/2014,2600485.46,Miercoles
1/30/2014,1898254.85,Jueves
1/31/2014,2244469.39,Viernes
2/1/2014,1227322.6,Sabado
2/2/2014,803360.91,Domingo
2/3/2014,2469896.31,Lunes
2/4/2014,1881154.27,Martes
2/5/2014,1850391.92,Miercoles
2/6/2014,1630088.79,Jueves
2/7/2014,1942317.21,Viernes
2/8/2014,1403999.54,Sabado
2/9/2014,0,Domingo
2/10/2014,2360723.6,Lunes
2/11/2014,1793846.84,Martes
2/12/2014,1678643.08,Miercoles
2/13/2014,1589546.66,Jueves
2/14/2014,1522009.17,Viernes
2/15/2014,1170675.79,Sabado
2/16/2014,800570,Domingo
2/17/2014,2155944.15,Lunes
2/18/2014,1673449.99,Martes
2/19/2014,1706925.18,Miercoles
2/20/2014,1740666.17,Jueves
2/21/2014,1880949.42,Viernes
2/22/2014,1309114.53,Sabado
2/23/2014,800819,Domingo
2/24/2014,2441154.29,Lunes
2/25/2014,2697850.3,Martes
2/26/2014,2431671.37,Miercoles
2/27/2014,2005460.22,Jueves
2/28/2014,2362339,Viernes
3/1/2014,1301798.46,Sabado
3/2/2014,800171,Domingo
3/3/2014,2476412.73,Lunes
3/4/2014,1934076.95,Martes
3/5/2014,1867362.12,Miercoles
3/6/2014,1591503.88,Jueves
3/7/2014,1718408.58,Viernes
3/8/2014,1271498.03,Sabado
3/9/2014,800371,Domingo
3/10/2014,2319307.03,Lunes
3/11/2014,2026234.01,Martes
3/12/2014,1871376.52,Miercoles
3/13/2014,1775409.49,Jueves
3/14/2014,1699217.04,Viernes
3/15/2014,1258866.47,Sabado
3/16/2014,800220,Domingo
3/17/2014,2208036.18,Lunes
3/18/2014,1665127.12,Martes
3/19/2014,1603320.53,Miercoles
3/20/2014,1659376.13,Jueves
3/21/2014,1810256.13,Viernes
3/22/2014,1305207.39,Sabado
3/23/2014,800244,Domingo
3/24/2014,2411023,Lunes
3/25/2014,2060656.36,Martes
3/26/2014,2581239.07,Miercoles
3/27/2014,2021744.02,Jueves
3/28/2014,1807188.08,Viernes
3/29/2014,1273296.13,Sabado
3/30/2014,1081708.54,Domingo
3/31/2014,3970294.07,Lunes
4/1/2014,1825982.01,Martes
4/2/2014,1736725.32,Miercoles
4/3/2014,1606218.25,Jueves
4/4/2014,1655357.22,Viernes
4/5/2014,1250799.2,Sabado
4/6/2014,800064,Domingo
4/7/2014,2166197.36,Lunes
4/8/2014,1898857.08,Martes
4/9/2014,1876096.65,Miercoles
4/10/2014,1711223.11,Jueves
4/11/2014,1872525.03,Viernes
4/12/2014,1377677.17,Sabado
4/13/2014,0,Domingo
4/14/2014,2173017.06,Lunes
4/15/2014,1777304.29,Martes
4/16/2014,1398319.88,Miercoles
4/17/2014,0,Jueves
4/18/2014,0,Viernes
4/19/2014,804495.66,Sabado
4/20/2014,945363.88,Domingo
4/21/2014,2297474.69,Lunes
4/22/2014,2124484.25,Martes
4/23/2014,1975776.07,Miercoles
4/24/2014,1844117.89,Jueves
4/25/2014,1890895.18,Viernes
4/26/2014,1251450.87,Sabado
4/27/2014,800121,Domingo
4/28/2014,2475458.15,Lunes
4/29/2014,2253989.35,Martes
4/30/2014,2644236.09,Miercoles
5/1/2014,903789,Jueves
5/2/2014,2004184.05,Viernes
5/3/2014,1279272.38,Sabado
5/4/2014,800073,Domingo
5/5/2014,2292643.93,Lunes
5/6/2014,1884457.62,Martes
5/7/2014,1965463.96,Miercoles
5/8/2014,1932089.94,Jueves
5/9/2014,1792337.68,Viernes
5/10/2014,1284711.61,Sabado
5/11/2014,800244,Domingo
5/12/2014,2394782.89,Lunes
5/13/2014,1961543.37,Martes
5/14/2014,1866795.48,Miercoles
5/15/2014,1779431.03,Jueves
5/16/2014,1815562.64,Viernes
5/17/2014,1198520.87,Sabado
5/18/2014,800684,Domingo
5/19/2014,2170723.91,Lunes
5/20/2014,1936587,Martes
5/21/2014,1725340.01,Miercoles
5/22/2014,1937933.52,Jueves
5/23/2014,1848551.08,Viernes
5/24/2014,1310511.17,Sabado
5/25/2014,0,Domingo
5/26/2014,2780978.05,Lunes
5/27/2014,1917961.69,Martes
5/28/2014,1807349.88,Miercoles
5/29/2014,1798251.74,Jueves
5/30/2014,2664540.04,Viernes
5/31/2014,1319922.31,Sabado
6/1/2014,800146,Domingo
6/2/2014,1773055.68,Lunes
6/3/2014,1610805.93,Martes
6/4/2014,1750428.4,Miercoles
6/5/2014,1678951.85,Jueves
6/6/2014,1672687.05,Viernes
6/7/2014,1285812.73,Sabado
6/8/2014,0,Domingo
6/9/2014,2264910.89,Lunes
6/10/2014,1970507.87,Martes
6/11/2014,1668322.03,Miercoles
6/12/2014,1608457.14,Jueves
6/13/2014,1524221.48,Viernes
6/14/2014,1243723.99,Sabado
6/15/2014,800462,Domingo
6/16/2014,2167572.54,Lunes
6/17/2014,1633963.8,Martes
6/18/2014,1735345.72,Miercoles
6/19/2014,1592652.27,Jueves
6/20/2014,1667502.01,Viernes
6/21/2014,1273996.82,Sabado
6/22/2014,808098,Domingo
6/23/2014,2218490.68,Lunes
6/24/2014,2058405.27,Martes
6/25/2014,2011586.27,Miercoles
6/26/2014,1990400.28,Jueves
6/27/2014,2812720.6,Viernes
6/28/2014,1420182.62,Sabado
6/29/2014,1152570.38,Domingo
6/30/2014,1592417,Lunes
7/1/2014,1887374.08,Martes
7/2/2014,1919676.27,Miercoles
7/3/2014,1878217.99,Jueves
7/4/2014,1725075.96,Viernes
7/5/2014,1287722.76,Sabado
7/6/2014,800843,Domingo
7/7/2014,2120086.92,Lunes
7/8/2014,1902087.37,Martes
7/9/2014,1849858.4,Miercoles
7/10/2014,1868453.52,Jueves
7/11/2014,1868264.53,Viernes
7/12/2014,1272676.46,Sabado
7/13/2014,800056,Domingo
7/14/2014,2177508.65,Lunes
7/15/2014,1830195.87,Martes
7/16/2014,1719096.13,Miercoles
7/17/2014,1666842.24,Jueves
7/18/2014,1731859.04,Viernes
7/19/2014,1217811.14,Sabado
7/20/2014,0,Domingo
7/21/2014,2244305.22,Lunes
7/22/2014,2092145.58,Martes
7/23/2014,1884039.1,Miercoles
7/24/2014,1901145.88,Jueves
7/25/2014,1886210.37,Viernes
7/26/2014,1337885.64,Sabado
7/27/2014,802418.04,Domingo
7/28/2014,2476609.84,Lunes
7/29/2014,2184981.44,Martes
7/30/2014,2528309.17,Miercoles
7/31/2014,1772588.43,Jueves
8/1/2014,1672828.32,Viernes
8/2/2014,1178038.56,Sabado
8/3/2014,801140.65,Domingo
8/4/2014,2138268.65,Lunes
8/5/2014,1666830.26,Martes
8/6/2014,1711655.18,Miercoles
8/7/2014,1753197.57,Jueves
8/8/2014,1781314.5,Viernes
8/9/2014,1322711.27,Sabado
8/10/2014,979541.12,Domingo
8/11/2014,1977520.61,Lunes
8/12/2014,1830668.35,Martes
8/13/2014,1645018.38,Miercoles
8/14/2014,1572892.44,Jueves
8/15/2014,1635273.81,Viernes
8/16/2014,876924.63,Sabado
8/17/2014,1276006.88,Domingo
8/18/2014,1925143.53,Lunes
8/19/2014,1723571.98,Martes
8/20/2014,1673183.95,Miercoles
8/21/2014,1803906.46,Jueves
8/22/2014,1867281.09,Viernes
8/23/2014,1366927.61,Sabado
8/24/2014,1038591.56,Domingo
8/25/2014,2176363.93,Lunes
8/26/2014,2174777.63,Martes
8/27/2014,1941831.77,Miercoles
8/28/2014,2091017.12,Jueves
8/29/2014,2666839.8,Viernes
8/30/2014,1445752.89,Sabado
8/31/2014,1144451.55,Domingo
9/1/2014,2009886.13,Lunes
9/2/2014,1861275.69,Martes
9/3/2014,1744591.41,Miercoles
9/4/2014,1664275.27,Jueves
9/5/2014,1771275.39,Viernes
9/6/2014,1340945.06,Sabado
9/7/2014,1015061.38,Domingo
9/8/2014,2108220.39,Lunes
9/9/2014,1924529.15,Martes
9/10/2014,1692514.61,Miercoles
9/11/2014,1627613.32,Jueves
9/12/2014,1618729.8,Viernes
9/13/2014,1279724.06,Sabado
9/14/2014,800132,Domingo
9/15/2014,990494.57,Lunes
9/16/2014,1713830.04,Martes
9/17/2014,1856421.84,Miercoles
9/18/2014,1613361.5,Jueves
9/19/2014,2112183.07,Viernes
9/20/2014,1327681.7,Sabado
9/21/2014,991864.34,Domingo
9/22/2014,2301329.14,Lunes
9/23/2014,2227266.11,Martes
9/24/2014,2018925.82,Miercoles
9/25/2014,1896122.33,Jueves
9/26/2014,1970715.85,Viernes
9/27/2014,1603010.15,Sabado
9/28/2014,1157039.73,Domingo
9/29/2014,2630520.97,Lunes
9/30/2014,2390222.77,Martes
10/1/2014,1845821.22,Miercoles
10/2/2014,1691933.67,Jueves
10/3/2014,1680684,Viernes
10/4/2014,1268321.94,Sabado
10/5/2014,1021606.7,Domingo
10/6/2014,2078508.06,Lunes
10/7/2014,1954569.18,Martes
10/8/2014,2032901.08,Miercoles
10/9/2014,1917395.91,Jueves
10/10/2014,1832046.45,Viernes
10/11/2014,1317633.86,Sabado
10/12/2014,1012577.22,Domingo
10/13/2014,2008656.84,Lunes
10/14/2014,1789264.47,Martes
10/15/2014,1654622.2,Miercoles
10/16/2014,1667625.52,Jueves
10/17/2014,1828265.88,Viernes
10/18/2014,1222202.43,Sabado
10/19/2014,991931.72,Domingo
10/20/2014,1208545.05,Lunes
10/21/2014,2295048.79,Martes
10/22/2014,1944102.91,Miercoles
10/23/2014,1812814.32,Jueves
10/24/2014,1916259.31,Viernes
10/25/2014,1277884.94,Sabado
10/26/2014,1065336.09,Domingo
10/27/2014,2093027.73,Lunes
10/28/2014,1992368.75,Martes
10/29/2014,1814250.23,Miercoles
10/30/2014,2608405.67,Jueves
10/31/2014,2098859.89,Viernes
11/1/2014,879286.22,Sabado
11/2/2014,955966.07,Domingo
11/3/2014,1976881.44,Lunes
11/4/2014,1880283.08,Martes
11/5/2014,2105364.91,Miercoles
11/6/2014,1878719.53,Jueves
11/7/2014,1790454.45,Viernes
11/8/2014,1341125.84,Sabado
11/9/2014,1000006.92,Domingo
11/10/2014,2278687.95,Lunes
11/11/2014,1690035.3,Martes
11/12/2014,1651759.14,Miercoles
11/13/2014,1630114.05,Jueves
11/14/2014,1863968.47,Viernes
11/15/2014,1317451.27,Sabado
11/16/2014,954614.84,Domingo
11/17/2014,2158681.78,Lunes
11/18/2014,1879492.03,Martes
11/19/2014,1909269.9,Miercoles
11/20/2014,1925766.27,Jueves
11/21/2014,2105399.64,Viernes
11/22/2014,1340737.14,Sabado
11/23/2014,1022940.21,Domingo
11/24/2014,2469402.67,Lunes
11/25/2014,2270808.33,Martes
11/26/2014,2569429.91,Miercoles
11/27/2014,2082961.47,Jueves
11/28/2014,3362365.51,Viernes
11/29/2014,1648845.88,Sabado
11/30/2014,1161729.79,Domingo
12/1/2014,2554935.5,Lunes
12/2/2014,2021079.64,Martes
12/3/2014,2008260.97,Miercoles
12/4/2014,1794256.06,Jueves
12/5/2014,1955906.22,Viernes
12/6/2014,1260767.17,Sabado
12/7/2014,1047385.74,Domingo
12/8/2014,2153910.57,Lunes
12/9/2014,2195453.46,Martes
12/10/2014,2100687.48,Miercoles
12/11/2014,1993857.23,Jueves
12/12/2014,2145148.61,Viernes
12/13/2014,887462.36,Sabado
12/14/2014,1426576.26,Domingo
12/15/2014,2401920.37,Lunes
12/16/2014,2003313.59,Martes
12/17/2014,1913534.04,Miercoles
12/18/2014,1945272.8,Jueves
12/19/2014,1953927.59,Viernes
12/20/2014,1396705.3,Sabado
12/21/2014,1074672.42,Domingo
12/22/2014,2937883.69,Lunes
12/23/2014,2781392.03,Martes
12/24/2014,1440085.56,Miercoles
12/25/2014,836572,Jueves
12/26/2014,2423205.09,Viernes
12/27/2014,1398002.41,Sabado
12/28/2014,1158713.47,Domingo
12/29/2014,2515837.6,Lunes
12/30/2014,2356376.54,Martes
12/31/2014,1461424.21,Miercoles
1/1/2015,828536.44,Jueves
1/2/2015,1650829,Viernes
1/3/2015,1234105.34,Sabado
1/4/2015,990269.63,Domingo
1/5/2015,1997180.12,Lunes
1/6/2015,1894015.17,Martes
1/7/2015,1916828.33,Miercoles
1/8/2015,1781951.39,Jueves
1/9/2015,1714866.21,Viernes
1/10/2015,1306447.23,Sabado
1/11/2015,941891.46,Domingo
1/12/2015,1843097.41,Lunes
1/13/2015,1782305.74,Martes
1/14/2015,1718722.7,Miercoles
1/15/2015,1537470.19,Jueves
1/16/2015,1662289.42,Viernes
1/17/2015,1257639.07,Sabado
1/18/2015,963591,Domingo
1/19/2015,2058704.83,Lunes
1/20/2015,1861173.1,Martes
1/21/2015,1924866.84,Miercoles
1/22/2015,1971426.24,Jueves
1/23/2015,1961094.88,Viernes
1/24/2015,1349220.24,Sabado
1/25/2015,1076739.57,Domingo
1/26/2015,2425265.06,Lunes
1/27/2015,2237531.94,Martes
1/28/2015,2146365.31,Miercoles
1/29/2015,1948180.05,Jueves
1/30/2015,2812411.7,Viernes
1/31/2015,1465836.85,Sabado
2/1/2015,1080274.46,Domingo
2/2/2015,2196192.07,Lunes
2/3/2015,1793203.56,Martes
2/4/2015,1767991.06,Miercoles
2/5/2015,1777900.31,Jueves
2/6/2015,1860510.68,Viernes
2/7/2015,1362820.54,Sabado
2/8/2015,1024777.71,Domingo
2/9/2015,2273548.66,Lunes
2/10/2015,1777413.05,Martes
2/11/2015,1868745.81,Miercoles
2/12/2015,1596056.01,Jueves
2/13/2015,1615165.47,Viernes
2/14/2015,1181644.49,Sabado
2/15/2015,948231.97,Domingo
2/16/2015,1877651.23,Lunes
2/17/2015,1805392.68,Martes
2/18/2015,1755820.27,Miercoles
2/19/2015,1592353.64,Jueves
2/20/2015,1902446.8,Viernes
2/21/2015,1284414.32,Sabado
2/22/2015,1074501.36,Domingo
2/23/2015,2669755.49,Lunes
2/24/2015,1902836.78,Martes
2/25/2015,2905595.22,Miercoles
2/26/2015,1831761.65,Jueves
2/27/2015,2207554.15,Viernes
2/28/2015,1647111.32,Sabado
3/1/2015,1056995.74,Domingo
3/2/2015,2347674.43,Lunes
3/3/2015,2028198.3,Martes
3/4/2015,1831037.47,Miercoles
3/5/2015,1690835.69,Jueves
3/6/2015,1785973.13,Viernes
3/7/2015,1296619.02,Sabado
3/8/2015,1018148.65,Domingo
3/9/2015,2226805.29,Lunes
3/10/2015,2097880.42,Martes
3/11/2015,1889906.91,Miercoles
3/12/2015,1771567.08,Jueves
3/13/2015,1667359.73,Viernes
3/14/2015,1221525.79,Sabado
3/15/2015,944454.72,Domingo
3/16/2015,2071373.29,Lunes
3/17/2015,1760278.73,Martes
3/18/2015,1665158.81,Miercoles
3/19/2015,1717421.17,Jueves
3/20/2015,1892468.56,Viernes
3/21/2015,1314744.79,Sabado
3/22/2015,996311.57,Domingo
3/23/2015,2149730.99,Lunes
3/24/2015,2101475.66,Martes
3/25/2015,1910262.6,Miercoles
3/26/2015,1907535.23,Jueves
3/27/2015,2359278.53,Viernes
3/28/2015,1482601,Sabado
3/29/2015,1107016.79,Domingo
3/30/2015,3243850.06,Lunes
3/31/2015,2550654.18,Martes
